id,type,primaryTitle,originalTitle,primaryImage,startYear,runtimeSeconds,genres,rating,plot,endYear,worldwideGross,productionBudget,totalStarMeter,gross_to_budget_ratio
tt32820897,movie,Demon Slayer: Kimetsu No Yaiba Infinity Castle,Gekijô-ban Kimetsu no Yaiba Mugen Jô-hen,"{'url': 'https://m.media-amazon.com/images/M/MV5BOGQ3YWUzYjEtMTJiYy00ZjQ0LWI0YjktYjhiNGVhNGExYTM3XkEyXkFqcGc@._V1_.jpg', 'width': 684, 'height': 1030}",2025.0,9300.0,"['Animation', 'Action', 'Adventure', 'Fantasy', 'Thriller']","{'aggregateRating': 8.4, 'voteCount': 67951}","The Demon Slayer Corps are drawn into the Infinity Castle, where Tanjiro and the Hashira face terrifying Upper Rank demons in a desperate fight as the final battle against Muzan Kibutsuji begins.",,738971893.0,20000000.0,1,36.94859465
tt2582782,movie,Hell or High Water,Hell or High Water,"{'url': 'https://m.media-amazon.com/images/M/MV5BMTg4NDA1OTA5NF5BMl5BanBnXkFtZTgwMDQ2MDM5ODE@._V1_.jpg', 'width': 2764, 'height': 4096}",2016.0,6120.0,"['Crime', 'Drama', 'Thriller', 'Western']","{'aggregateRating': 7.6, 'voteCount': 276114}","Toby is a divorced father who's trying to make a better life. His brother is an ex-con with a short temper and a loose trigger finger. Together, they plan a series of heists against the bank that's about to foreclose on their family ranch.",,37999675.0,12000000.0,6,3.166639583333333
tt3566834,movie,A Minecraft Movie,A Minecraft Movie,"{'url': 'https://m.media-amazon.com/images/M/MV5BYzFjMzNjOTktNDBlNy00YWZhLWExYTctZDcxNDA4OWVhOTJjXkEyXkFqcGc@._V1_.jpg', 'width': 2764, 'height': 4096}",2025.0,6060.0,"['Action', 'Adventure', 'Comedy', 'Family', 'Fantasy']","{'aggregateRating': 5.6, 'voteCount': 156311}",Four misfits are suddenly pulled through a mysterious portal into a bizarre cubic wonderland that thrives on imagination. To get back home they'll have to master this world while embarking on a quest with an unexpected expert crafter.,,961187780.0,150000000.0,17,6.4079185333333335
tt0490215,movie,Silence,Silence,"{'url': 'https://m.media-amazon.com/images/M/MV5BMjY3OTk0NjA2NV5BMl5BanBnXkFtZTgwNTg3Mjc2MDI@._V1_.jpg', 'width': 1312, 'height': 2048}",2016.0,9660.0,"['Drama', 'History']","{'aggregateRating': 7.2, 'voteCount': 133291}","In the 17th century, two Portuguese Jesuit priests travel to Japan in an attempt to locate their mentor, who is rumored to have committed apostasy, and to propagate Catholicism.",,23824342.0,46000000.0,20,0.5179204782608695
tt0102057,movie,Hook,Hook,"{'url': 'https://m.media-amazon.com/images/M/MV5BOTU0ZTU3MGUtOTQwNi00N2QzLWFmMDUtZDgxMGJlNGI5NDllXkEyXkFqcGc@._V1_.jpg', 'width': 900, 'height': 1357}",1991.0,8520.0,"['Adventure', 'Comedy', 'Family', 'Fantasy']","{'aggregateRating': 6.8, 'voteCount': 290602}","When Captain James Hook kidnaps his children, an adult Peter Pan must return to Neverland and reclaim his youthful spirit in order to challenge his old enemy.",,300854823.0,70000000.0,16,4.297926042857143
tt0245429,movie,Spirited Away,Sen to Chihiro no kamikakushi,"{'url': 'https://m.media-amazon.com/images/M/MV5BNTEyNmEwOWUtYzkyOC00ZTQ4LTllZmUtMjk0Y2YwOGUzYjRiXkEyXkFqcGc@._V1_.jpg', 'width': 1956, 'height': 2900}",2001.0,7440.0,"['Animation', 'Adventure', 'Family', 'Fantasy']","{'aggregateRating': 8.6, 'voteCount': 961667}","During her family's move to the suburbs, a sullen 10-year-old girl wanders into a world ruled by gods, witches and spirits, and where humans are changed into beasts.",,360181148.0,2000000000.0,1,0.180090574
tt3659388,movie,The Martian,The Martian,"{'url': 'https://m.media-amazon.com/images/M/MV5BMTc2MTQ3MDA1Nl5BMl5BanBnXkFtZTgwODA3OTI4NjE@._V1_.jpg', 'width': 865, 'height': 1280}",2015.0,8640.0,"['Adventure', 'Drama', 'Sci-Fi']","{'aggregateRating': 8, 'voteCount': 1005083}","An astronaut becomes stranded on Mars after his team assumes him dead, and must rely on his ingenuity to find a way to signal to Earth that he is alive and can survive until a potential rescue.",,630621406.0,108000000.0,28,5.839087092592592
tt1645170,movie,The Dictator,The Dictator,"{'url': 'https://m.media-amazon.com/images/M/MV5BM2IwMDM3ZmQtNjQ3NS00OTFiLWI5YzEtYWE3YjI5NTk3YzkwXkEyXkFqcGc@._V1_.jpg', 'width': 1000, 'height': 1481}",2012.0,4980.0,['Comedy'],"{'aggregateRating': 6.5, 'voteCount': 365941}",The heroic story of a dictator who risked his life to ensure that democracy would never come to the country he so lovingly oppressed.,,179379533.0,65000000.0,11,2.759685123076923
tt0353969,movie,Memories of Murder,Salinui chueok,"{'url': 'https://m.media-amazon.com/images/M/MV5BYmRjOWE5NmMtYTdkYS00ODFlLWJiMTMtYzE2NDZlZjlkZDQ0XkEyXkFqcGc@._V1_.jpg', 'width': 1382, 'height': 2048}",2003.0,7860.0,"['Crime', 'Drama', 'Mystery', 'Thriller']","{'aggregateRating': 8.1, 'voteCount': 264118}","In a small Korean province in 1986, two detectives struggle with the case of multiple young women being found raped and murdered by an unknown culprit.",,1211583.0,2800000.0,0,0.43270821428571427
tt0167260,movie,The Lord of the Rings: The Return of the King,The Lord of the Rings: The Return of the King,"{'url': 'https://m.media-amazon.com/images/M/MV5BMTZkMjBjNWMtZGI5OC00MGU0LTk4ZTItODg2NWM3NTVmNWQ4XkEyXkFqcGc@._V1_.jpg', 'width': 800, 'height': 1185}",2003.0,12060.0,"['Adventure', 'Drama', 'Fantasy']","{'aggregateRating': 9, 'voteCount': 2156112}",Gandalf and Aragorn lead the World of Men against Sauron's army to draw his gaze from Frodo and Sam as they approach Mount Doom with the One Ring.,,1149078006.0,94000000.0,15,12.224234106382978
tt26443597,movie,Zootopia 2,Zootopia 2,"{'url': 'https://m.media-amazon.com/images/M/MV5BYjg1Mjc3MjQtMTZjNy00YWVlLWFhMWEtMWI3ZTgxYjJmNmRlXkEyXkFqcGc@._V1_.jpg', 'width': 1086, 'height': 1610}",2025.0,6480.0,"['Animation', 'Action', 'Adventure', 'Comedy', 'Crime', 'Family', 'Mystery']","{'aggregateRating': 7.4, 'voteCount': 116298}","Brave rabbit cop Judy Hopps and her friend, the fox Nick Wilde, team up again to crack a new case, the most perilous and intricate of their careers.",,1866643121.0,150000000.0,38,12.444287473333333
tt35521922,movie,Good Boy,Good Boy,"{'url': 'https://m.media-amazon.com/images/M/MV5BODJhM2JhYjktN2JlMC00YzVjLWI3NjctMTgzYjhhZDk3ZjU2XkEyXkFqcGc@._V1_.jpg', 'width': 1382, 'height': 2048}",2025.0,4320.0,"['Horror', 'Thriller']","{'aggregateRating': 6.1, 'voteCount': 30007}","A loyal dog moves to a rural family home with his owner, only to discover supernatural forces lurking in the shadows. As dark entities threaten his human companion, the brave pup must fight to protect the one he loves most.",,8757431.0,70000.0,1,125.10615714285714
tt1981677,movie,Pitch Perfect,Pitch Perfect,"{'url': 'https://m.media-amazon.com/images/M/MV5BMTcyMTMzNzE5N15BMl5BanBnXkFtZTcwNzg5NjM5Nw@@._V1_.jpg', 'width': 1293, 'height': 2048}",2012.0,6720.0,"['Comedy', 'Music', 'Romance']","{'aggregateRating': 7.1, 'voteCount': 350126}","Beca, a freshman at Barden University, is cajoled into joining The Bellas, her school's all-girls singing group. Injecting some much needed energy into their repertoire, The Bellas take on their male rivals in a campus competition.",,115647737.0,17000000.0,16,6.80280805882353
tt2084970,movie,The Imitation Game,The Imitation Game,"{'url': 'https://m.media-amazon.com/images/M/MV5BNjI3NjY1Mjg3MV5BMl5BanBnXkFtZTgwMzk5MDQ3MjE@._V1_.jpg', 'width': 1393, 'height': 2048}",2014.0,6840.0,"['Biography', 'Drama', 'Thriller', 'War']","{'aggregateRating': 8, 'voteCount': 875353}","During World War II, the English mathematical genius Alan Turing tries to crack the German Enigma code with help from fellow mathematicians while attempting to come to terms with his troubled private life.",,233555708.0,14000000.0,18,16.68255057142857
tt10366206,movie,John Wick: Chapter 4,John Wick: Chapter 4,"{'url': 'https://m.media-amazon.com/images/M/MV5BY2Q2ZmI5ZjUtNWVhMC00YzJkLTlmYjMtY2RmZDhkNzEzYjZhXkEyXkFqcGc@._V1_.jpg', 'width': 4051, 'height': 6001}",2023.0,10140.0,"['Action', 'Crime', 'Thriller']","{'aggregateRating': 7.6, 'voteCount': 408750}","John Wick uncovers a path to defeating The High Table. But before he can earn his freedom, Wick must face off against a new enemy with powerful alliances across the globe and forces that turn old friends into foes.",,447142521.0,100000000.0,10,4.47142521
tt7737786,movie,Greenland,Greenland,"{'url': 'https://m.media-amazon.com/images/M/MV5BZWZjZGMwNmUtYmRiMS00ODEwLTgyYjQtOGUzMDNhOGU3OGQ0XkEyXkFqcGc@._V1_.jpg', 'width': 2764, 'height': 4095}",2020.0,7140.0,"['Action', 'Adventure', 'Thriller']","{'aggregateRating': 6.4, 'voteCount': 166529}","To save his family from a catastrophic end of times, a man embarks on a risky quest to locate the last hope for salvation and witness the worst of mankind in the battle for survival.",,52300000.0,35000000.0,16,1.4942857142857142
tt10676052,movie,The Fantastic Four: First Steps,The Fantastic Four: First Steps,"{'url': 'https://m.media-amazon.com/images/M/MV5BOGM5MzA3MDAtYmEwMi00ZDNiLTg4MDgtMTZjOTc0ZGMyNTIwXkEyXkFqcGc@._V1_.jpg', 'width': 1086, 'height': 1609}",2025.0,6900.0,"['Action', 'Adventure', 'Sci-Fi']","{'aggregateRating': 6.8, 'voteCount': 255814}","Forced to balance their roles as heroes with the strength of their family bond, the Fantastic Four must defend Earth from a ravenous space god called Galactus and his enigmatic herald, the Silver Surfer.",,521858728.0,200000000.0,15,2.60929364
tt7160372,movie,The Zone of Interest,The Zone of Interest,"{'url': 'https://m.media-amazon.com/images/M/MV5BNjk4MTQ3MGEtZmI4OS00N2NhLWI5ZjgtYWE5ZWVkZGExYTQ1XkEyXkFqcGc@._V1_.jpg', 'width': 1500, 'height': 2250}",2023.0,6300.0,"['Drama', 'History', 'War']","{'aggregateRating': 7.3, 'voteCount': 165333}",The commandant of Auschwitz and his wife strive to build a dream life for their family in a house next to the camp.,,52693249.0,15000000.0,9,3.5128832666666665
tt39385906,movie,Ishqan De Lekhe,Ishqan De Lekhe,"{'url': 'https://m.media-amazon.com/images/M/MV5BNWU5NWRhY2ItZWY2Yi00MDg2LTg5NWYtMzE4ODFiNDQ2YjkyXkEyXkFqcGc@._V1_.jpg', 'width': 3600, 'height': 4500}",2026.0,8700.0,['Romance'],"{'aggregateRating': 3.6, 'voteCount': 454}","Charismatic student leader Samar sweeps reserved Jasneet off her feet, but campus politics and jealousy fuel a devastating misunderstanding. When she believes he's betrayed her, tragedy strikes before he can set things right.",,133914.0,70000000.0,0,0.001913057142857143
tt4873118,movie,The Covenant,The Covenant,"{'url': 'https://m.media-amazon.com/images/M/MV5BMDY2NmI1YzAtYmE2OS00NTY4LWJjM2UtNjQzMDliYzc5MzUyXkEyXkFqcGc@._V1_.jpg', 'width': 2765, 'height': 4096}",2023.0,7380.0,"['Action', 'Drama', 'Thriller', 'War']","{'aggregateRating': 7.5, 'voteCount': 208068}","During the war in Afghanistan, a local interpreter risks his own life to carry an injured sergeant across miles of grueling terrain.",,21948551.0,55000000.0,8,0.3990645636363636
tt32916440,movie,Marty Supreme,Marty Supreme,"{'url': 'https://m.media-amazon.com/images/M/MV5BZTRhYjI1MTItMWYwMi00MjY5LWI1OTktMzQwNzA3MWJlN2QyXkEyXkFqcGc@._V1_.jpg', 'width': 1638, 'height': 2048}",2025.0,8940.0,"['Drama', 'Sport']","{'aggregateRating': 7.7, 'voteCount': 147431}","Marty Mauser, a young man with a dream no one respects, goes to hell and back in pursuit of greatness.",,179327284.0,65000000.0,18,2.7588812923076924
tt8115900,movie,The Bad Guys,The Bad Guys,"{'url': 'https://m.media-amazon.com/images/M/MV5BODNlYmQzY2MtZWZiZS00Y2I0LTkwNjItNjg3MjY5YTFkNWI3XkEyXkFqcGc@._V1_.jpg', 'width': 3158, 'height': 5000}",2022.0,6000.0,"['Animation', 'Adventure', 'Comedy', 'Crime', 'Family']","{'aggregateRating': 6.9, 'voteCount': 79303}","To avoid prison, a gang of notorious animal criminals pretends to seek being rehabilitated, only for their leader to realize that he genuinely wants to change his ways.",,250387888.0,70000000.0,11,3.5769698285714284
tt0116282,movie,Fargo,Fargo,"{'url': 'https://m.media-amazon.com/images/M/MV5BNjg4MWE0MjEtODFhNy00MjA5LTg5ODktMzgwNWFmZTAwNjBlXkEyXkFqcGc@._V1_.jpg', 'width': 1313, 'height': 1938}",1996.0,5880.0,"['Crime', 'Drama', 'Thriller']","{'aggregateRating': 8.1, 'voteCount': 785165}",Minnesota car salesman Jerry Lundegaard's inept crime falls apart due to his and his henchmen's bungling and the persistent police work of the quite pregnant Marge Gunderson.,,60611975.0,7000000.0,10,8.65885357142857
tt12042730,movie,Project Hail Mary,Project Hail Mary,"{'url': 'https://m.media-amazon.com/images/M/MV5BNTkwNzJiYTctNzI3NC00NjE1LTlhYjktY2Q5MTdmMWFmNzcxXkEyXkFqcGc@._V1_.jpg', 'width': 2765, 'height': 4096}",2026.0,9360.0,"['Drama', 'Sci-Fi', 'Thriller']","{'aggregateRating': 8.4, 'voteCount': 129068}","A science teacher wakes up alone on a spaceship. As his memory returns, he uncovers a mission to stop a mysterious substance killing Earth's sun and that an unexpected friendship may be the key.",,300802240.0,200000000.0,36,1.5040112
tt27534307,movie,Speak No Evil,Speak No Evil,"{'url': 'https://m.media-amazon.com/images/M/MV5BMWI2OWFjNjgtOTQ2Zi00MjlmLTg2MGYtNmE4MjMyZjIzMDA0XkEyXkFqcGc@._V1_.jpg', 'width': 3158, 'height': 5000}",2024.0,6600.0,"['Drama', 'Horror', 'Thriller']","{'aggregateRating': 6.8, 'voteCount': 131687}","A family is invited to spend a whole weekend in a lonely home in the countryside, but as the weekend progresses, they realize that a dark side lies within the family who invited them.",,76756109.0,15000000.0,10,5.117073933333334
tt0112641,movie,Casino,Casino,"{'url': 'https://m.media-amazon.com/images/M/MV5BMDRlZWZjZjYtYzY2NS00ZWVjLTkwYzAtZTA2ZDAzMGRiYmYwXkEyXkFqcGc@._V1_.jpg', 'width': 800, 'height': 1200}",1995.0,10680.0,"['Crime', 'Drama']","{'aggregateRating': 8.2, 'voteCount': 616804}","In Las Vegas, two best friends--a casino executive and a Mafia enforcer--compete for a gambling empire and a fast-living, fast-loving socialite.",,116112375.0,52000000.0,15,2.2329302884615383
tt10548174,movie,28 Years Later,28 Years Later,"{'url': 'https://m.media-amazon.com/images/M/MV5BNjgwYTI0YjctMWYzNS00MmI1LWI5YTctNmE1YjBkNDFlNWMxXkEyXkFqcGc@._V1_.jpg', 'width': 1080, 'height': 1350}",2025.0,6900.0,"['Horror', 'Sci-Fi', 'Thriller']","{'aggregateRating': 6.6, 'voteCount': 205974}","A group of survivors of the rage virus live on a small island. When one of the group leaves the island on a mission into the mainland, he discovers secrets, wonders, and horrors that have mutated not only the infected but other survivors.",,151329249.0,60000000.0,19,2.52215415
tt0241527,movie,Harry Potter and the Sorcerer's Stone,Harry Potter and the Sorcerer's Stone,"{'url': 'https://m.media-amazon.com/images/M/MV5BNTU1MzgyMDMtMzBlZS00YzczLThmYWEtMjU3YmFlOWEyMjE1XkEyXkFqcGc@._V1_.jpg', 'width': 1972, 'height': 2902}",2001.0,9120.0,"['Adventure', 'Family', 'Fantasy']","{'aggregateRating': 7.7, 'voteCount': 947793}","An orphaned boy enrolls in a school of wizardry, where he learns the truth about himself, his family and the terrible evil that haunts the magical world.",,1029374615.0,125000000.0,15,8.23499692
tt0114814,movie,The Usual Suspects,The Usual Suspects,"{'url': 'https://m.media-amazon.com/images/M/MV5BOTE5MDUxZDUtZWZmZC00NDVmLWFhOGQtNWI2YTc4NzY3MGQ0XkEyXkFqcGc@._V1_.jpg', 'width': 1150, 'height': 1715}",1995.0,6360.0,"['Crime', 'Drama', 'Mystery', 'Thriller']","{'aggregateRating': 8.5, 'voteCount': 1234658}",The sole survivor of a pier shoot-out tells the story of how a notorious criminal influenced the events that began with five criminals meeting in a seemingly random police lineup.,,23342724.0,6000000.0,7,3.890454
tt3799694,movie,The Nice Guys,The Nice Guys,"{'url': 'https://m.media-amazon.com/images/M/MV5BM2YwNWZlZGEtYTEyZi00NjdjLWEwM2ItM2Q2MDMwZjkzMjk0XkEyXkFqcGc@._V1_.jpg', 'width': 1012, 'height': 1500}",2016.0,6960.0,"['Action', 'Comedy', 'Crime', 'Mystery', 'Thriller']","{'aggregateRating': 7.4, 'voteCount': 412170}","In 1970s Los Angeles, a mismatched pair of private eyes investigate a missing girl and the mysterious death of a porn star.",,71261763.0,50000000.0,26,1.42523526
tt0499549,movie,Avatar,Avatar,"{'url': 'https://m.media-amazon.com/images/M/MV5BMDEzMmQwZjctZWU2My00MWNlLWE0NjItMDJlYTRlNGJiZjcyXkEyXkFqcGc@._V1_.jpg', 'width': 1965, 'height': 2902}",2009.0,9720.0,"['Action', 'Adventure', 'Fantasy', 'Sci-Fi']","{'aggregateRating': 7.9, 'voteCount': 1491969}",A paraplegic Marine dispatched to the moon Pandora on a unique mission becomes torn between following his orders and protecting the world he feels is his home.,,2923710708.0,237000000.0,7,12.336332101265823
tt1392190,movie,Mad Max: Fury Road,Mad Max: Fury Road,"{'url': 'https://m.media-amazon.com/images/M/MV5BZDRkODJhOTgtOTc1OC00NTgzLTk4NjItNDgxZDY4YjlmNDY2XkEyXkFqcGc@._V1_.jpg', 'width': 675, 'height': 1000}",2015.0,7200.0,"['Action', 'Adventure', 'Sci-Fi']","{'aggregateRating': 8.1, 'voteCount': 1202335}","In a post-apocalyptic wasteland, a woman rebels against a tyrannical ruler in search for her homeland with the aid of a group of female prisoners, a psychotic worshipper and a drifter named Max.",,380456026.0,150000000.0,25,2.5363735066666666
tt17663992,movie,Scream VI,Scream VI,"{'url': 'https://m.media-amazon.com/images/M/MV5BZDZkYzk3YTEtYTQ5MS00MzQ5LTg0NjUtOTgzODA5N2EyYTQ1XkEyXkFqcGc@._V1_.jpg', 'width': 2765, 'height': 4096}",2023.0,7320.0,"['Horror', 'Mystery', 'Thriller']","{'aggregateRating': 6.4, 'voteCount': 150832}","After surviving the latest Woodsboro murders, a group of teens move to New York City, hoping for a fresh start, only to find a new killer picking up where the last Ghostface killer left off.",,166577232.0,35000000.0,12,4.759349485714286
tt3890160,movie,Baby Driver,Baby Driver,"{'url': 'https://m.media-amazon.com/images/M/MV5BMjM3MjQ1MzkxNl5BMl5BanBnXkFtZTgwODk1ODgyMjI@._V1_.jpg', 'width': 1382, 'height': 2048}",2017.0,6780.0,"['Action', 'Crime', 'Drama', 'Music']","{'aggregateRating': 7.5, 'voteCount': 680783}","Coerced into working for a crime boss, a young getaway driver must face the music when a doomed heist threatens his life, love, and freedom.",,226945087.0,34000000.0,27,6.6748555
tt0332280,movie,The Notebook,The Notebook,"{'url': 'https://m.media-amazon.com/images/M/MV5BZjE0ZjgzMzYtMTAxYi00NGMzLThmZDktNzFlMzA2MWRmYWQ0XkEyXkFqcGc@._V1_.jpg', 'width': 1979, 'height': 2968}",2004.0,7380.0,"['Drama', 'Romance']","{'aggregateRating': 7.8, 'voteCount': 685115}",An elderly man reads to a woman with dementia the story of two young lovers whose romance is threatened by the difference in their respective social classes.,,118605996.0,29000000.0,20,4.089861931034482
tt7984766,movie,The King,The King,"{'url': 'https://m.media-amazon.com/images/M/MV5BOTFhZTY4YWUtMmJjMy00OTE0LTlmZjctMDg5MTk4N2ZjZWNjXkEyXkFqcGc@._V1_.jpg', 'width': 729, 'height': 1080}",2019.0,8400.0,"['Biography', 'Drama', 'History', 'War']","{'aggregateRating': 7.3, 'voteCount': 177182}","Young Henry V encounters deceit, war and treachery after becoming King of England in the 15th century, in the aftermath of his brother's death.",,126931.0,23000000.0,1,0.005518739130434783
tt2267998,movie,Gone Girl,Gone Girl,"{'url': 'https://m.media-amazon.com/images/M/MV5BMTk0MDQ3MzAzOV5BMl5BanBnXkFtZTgwNzU1NzE3MjE@._V1_.jpg', 'width': 1390, 'height': 2048}",2014.0,8940.0,"['Drama', 'Mystery', 'Thriller']","{'aggregateRating': 8.1, 'voteCount': 1163690}",The husband of a missing woman becomes the main suspect in her disappearance.,,370890259.0,61000000.0,16,6.080168180327869
tt31844586,movie,Sisu: Road to Revenge,Sisu 2,"{'url': 'https://m.media-amazon.com/images/M/MV5BM2ZiNDZiZDQtMjYyOC00MWY1LTkyZjgtNDM1MmMwZTdhOWFkXkEyXkFqcGc@._V1_.jpg', 'width': 6072, 'height': 9000}",2025.0,5340.0,"['Action', 'Thriller', 'War']","{'aggregateRating': 6.8, 'voteCount': 29482}","A man returns to dismantle his family's house, where they were murdered in war, to rebuild it elsewhere. When the killer, a Red Army commander, tracks him down, a brutal cross-country pursuit begins.",,9811703.0,11000000.0,9,0.891973
tt17526714,movie,The Substance,The Substance,"{'url': 'https://m.media-amazon.com/images/M/MV5BZDQ1NGE5MGMtYzdlZC00ODExLWJlMDMtNWU4NjA5OWYwMDEwXkEyXkFqcGc@._V1_.jpg', 'width': 1944, 'height': 2844}",2024.0,8460.0,"['Drama', 'Horror', 'Sci-Fi']","{'aggregateRating': 7.2, 'voteCount': 413670}","A fading celebrity takes a black-market drug: a cell-replicating substance that helps her create a younger, better version of herself.",,77316812.0,17500000.0,19,4.418103542857143
tt7181546,movie,Ballerina,Ballerina,"{'url': 'https://m.media-amazon.com/images/M/MV5BNzdhZmY2OTQtYWI4OC00ZThkLTlhZjAtNzE2YzRjM2Q5YjJlXkEyXkFqcGc@._V1_.jpg', 'width': 2025, 'height': 3000}",2025.0,7440.0,"['Action', 'Thriller']","{'aggregateRating': 6.8, 'voteCount': 145377}",An assassin trained in the traditions of the Ruska Roma organization sets out to seek revenge after her father's death.,,137408107.0,90000000.0,18,1.5267567444444445
tt28607951,movie,Anora,Anora,"{'url': 'https://m.media-amazon.com/images/M/MV5BYThiN2M0NTItODRmNC00NDhlLWFiYTgtMWM2YTEyYzI3ZTY1XkEyXkFqcGc@._V1_.jpg', 'width': 3483, 'height': 5160}",2024.0,8340.0,"['Comedy', 'Drama', 'Romance']","{'aggregateRating': 7.4, 'voteCount': 269018}","A young stripper from Brooklyn meets and impulsively marries the son of a Russian oligarch. Once the news reaches Russia, her fairy tale is threatened as his parents set out for New York to get the marriage annulled.",,57395612.0,6000000.0,9,9.565935333333334
tt5537002,movie,Killers of the Flower Moon,Killers of the Flower Moon,"{'url': 'https://m.media-amazon.com/images/M/MV5BZWY5ZDVjNTUtODI5Yy00MjFhLWEyM2EtYzZjM2VjZTI0MTBjXkEyXkFqcGc@._V1_.jpg', 'width': 2000, 'height': 3000}",2023.0,12360.0,"['Crime', 'Drama', 'History', 'Western']","{'aggregateRating': 7.5, 'voteCount': 305208}","When oil is discovered in 1920s Oklahoma under Osage Nation land, the Osage people are murdered one by one - until the FBI steps in to unravel the mystery.",,158772599.0,200000000.0,25,0.793862995
tt30988739,movie,Black Bag,Black Bag,"{'url': 'https://m.media-amazon.com/images/M/MV5BNzA1OWU4NDMtMDUxMC00NWI4LWJhYjUtYWQ0OGQ5MTc2NDRjXkEyXkFqcGc@._V1_.jpg', 'width': 8100, 'height': 12000}",2025.0,5580.0,"['Drama', 'Mystery', 'Romance', 'Thriller']","{'aggregateRating': 6.7, 'voteCount': 92014}","When intelligence agent Kathryn Woodhouse is suspected of betraying the nation, her husband - also a legendary agent - faces the ultimate test of whether to be loyal to his marriage, or his country.",,43887905.0,50000000.0,12,0.8777581
tt0364569,movie,Oldboy,Oldeuboi,"{'url': 'https://m.media-amazon.com/images/M/MV5BMTAwNzNjYWItZmI0Ni00ZTcyLWIwNWMtZjlmNGMxZTEyYTJmXkEyXkFqcGc@._V1_.jpg', 'width': 960, 'height': 1440}",2003.0,7200.0,"['Action', 'Drama', 'Mystery', 'Thriller']","{'aggregateRating': 8.3, 'voteCount': 714748}","After being kidnapped and imprisoned for fifteen years, Oh Dae-Su is released, only to find that he must track down his captor in five days.",,17617021.0,3000000.0,0,5.872340333333334
tt1262426,movie,Wicked,Wicked: Part I,"{'url': 'https://m.media-amazon.com/images/M/MV5BOWMwYjYzYmMtMWQ2Ni00NWUwLTg2MzAtYzkzMDBiZDIwOTMwXkEyXkFqcGc@._V1_.jpg', 'width': 758, 'height': 1200}",2024.0,9600.0,"['Fantasy', 'Musical', 'Romance']","{'aggregateRating': 7.3, 'voteCount': 227492}","Elphaba, a young woman ridiculed for her green skin, and Galinda, a popular girl, become friends at Shiz University in the Land of Oz. After an encounter with the Wonderful Wizard of Oz, their friendship reaches a crossroads.",,758790057.0,150000000.0,4,5.05860038
tt1745960,movie,Top Gun: Maverick,Top Gun: Maverick,"{'url': 'https://m.media-amazon.com/images/M/MV5BMDBkZDNjMWEtOTdmMi00NmExLTg5MmMtNTFlYTJlNWY5YTdmXkEyXkFqcGc@._V1_.jpg', 'width': 2024, 'height': 3000}",2022.0,7800.0,"['Action', 'Drama']","{'aggregateRating': 8.2, 'voteCount': 852610}","The story involves Maverick confronting his past while training a group of younger Top Gun graduates, including the son of his deceased best friend, for a dangerous mission.",,1503997086.0,170000000.0,27,8.847041682352941
tt0468569,movie,The Dark Knight,The Dark Knight,"{'url': 'https://m.media-amazon.com/images/M/MV5BMTMxNTMwODM0NF5BMl5BanBnXkFtZTcwODAyMTk2Mw@@._V1_.jpg', 'width': 1383, 'height': 2048}",2008.0,9120.0,"['Action', 'Crime', 'Drama', 'Thriller']","{'aggregateRating': 9.1, 'voteCount': 3152725}","When a menace known as the Joker wreaks havoc and chaos on the people of Gotham, Batman, James Gordon and Harvey Dent must work together to put an end to the madness.",,1008477382.0,185000000.0,12,5.451229091891892
tt0381061,movie,Casino Royale,Casino Royale,"{'url': 'https://m.media-amazon.com/images/M/MV5BMWQ1ZDM4NDktMWY0NC00MjcxLWJlMDMtNmE2MGVhYzRjMWQ0XkEyXkFqcGc@._V1_.jpg', 'width': 1000, 'height': 1487}",2006.0,8640.0,"['Action', 'Adventure', 'Thriller']","{'aggregateRating': 8, 'voteCount': 741768}","After earning a licence to kill, secret agent James Bond sets out on his first mission as 007. Bond must defeat a private banker funding terrorists in a high-stakes game of poker at Casino Royale, in Montenegro.",,616585752.0,150000000.0,12,4.11057168
tt9362722,movie,Spider-Man: Across the Spider-Verse,Spider-Man: Across the Spider-Verse,"{'url': 'https://m.media-amazon.com/images/M/MV5BNThiZjA3MjItZGY5Ni00ZmJhLWEwN2EtOTBlYTA4Y2E0M2ZmXkEyXkFqcGc@._V1_.jpg', 'width': 1299, 'height': 1929}",2023.0,8400.0,"['Animation', 'Action', 'Adventure', 'Family', 'Fantasy', 'Sci-Fi']","{'aggregateRating': 8.5, 'voteCount': 516850}","Traveling across the multiverse, Miles Morales meets a new team of Spider-People, made up of heroes from different dimensions. But when the heroes clash over how to deal with a new threat, Miles finds himself at a crossroads.",,690824738.0,100000000.0,10,6.90824738
tt0097165,movie,Dead Poets Society,Dead Poets Society,"{'url': 'https://m.media-amazon.com/images/M/MV5BMDYwNGVlY2ItMWYxMS00YjZiLWE5MTAtYWM5NWQ2ZWJjY2Q3XkEyXkFqcGc@._V1_.jpg', 'width': 1016, 'height': 1500}",1989.0,7680.0,"['Comedy', 'Drama']","{'aggregateRating': 8.1, 'voteCount': 647460}","Maverick teacher John Keating returns in 1959 to the prestigious New England boys' boarding school where he was once a star student, using poetry to embolden his pupils to new heights of self-expression.",,235860116.0,16400000.0,19,14.381714390243902
tt0088763,movie,Back to the Future,Back to the Future,"{'url': 'https://m.media-amazon.com/images/M/MV5BZmM3ZjE0NzctNjBiOC00MDZmLTgzMTUtNGVlOWFlOTNiZDJiXkEyXkFqcGc@._V1_.jpg', 'width': 1218, 'height': 1893}",1985.0,6960.0,"['Adventure', 'Comedy', 'Sci-Fi']","{'aggregateRating': 8.5, 'voteCount': 1445890}","Marty McFly, a 17-year-old high school student, is accidentally sent 30 years into the past in a time-traveling DeLorean invented by his close friend, the maverick scientist Doc Brown.",,392976852.0,19000000.0,12,20.682992210526315
tt15398776,movie,Oppenheimer,Oppenheimer,"{'url': 'https://m.media-amazon.com/images/M/MV5BN2JkMDc5MGQtZjg3YS00NmFiLWIyZmQtZTJmNTM5MjVmYTQ4XkEyXkFqcGc@._V1_.jpg', 'width': 2331, 'height': 3454}",2023.0,10800.0,"['Biography', 'Drama', 'History']","{'aggregateRating': 8.2, 'voteCount': 1016708}","A dramatization of the life story of J. Robert Oppenheimer, the physicist who had a large hand in the development of the atomic bombs that brought an end to World War II.",,975811333.0,100000000.0,31,9.75811333
tt1160419,movie,Dune: Part One,Dune: Part One,"{'url': 'https://m.media-amazon.com/images/M/MV5BNWIyNmU5MGYtZDZmNi00ZjAwLWJlYjgtZTc0ZGIxMDE4ZGYwXkEyXkFqcGc@._V1_.jpg', 'width': 1728, 'height': 2552}",2021.0,9300.0,"['Action', 'Adventure', 'Drama', 'Sci-Fi']","{'aggregateRating': 8, 'voteCount': 1033478}","Paul Atreides arrives on Arrakis after his father accepts the stewardship of the dangerous planet. However, chaos ensues after a betrayal as forces clash to control melange, a precious resource.",,410668500.0,165000000.0,33,2.4889
tt11245972,movie,Scream,Scream,"{'url': 'https://m.media-amazon.com/images/M/MV5BN2NkYTYzOGUtMzk1Yy00YmI0LWIzODEtMjQ0MWU0NWI4ODdlXkEyXkFqcGc@._V1_.jpg', 'width': 1918, 'height': 3000}",2022.0,6840.0,"['Horror', 'Mystery', 'Thriller']","{'aggregateRating': 6.3, 'voteCount': 186500}","25 years after the original Woodsboro killings, a new Ghostface begins targeting teens connected to the town's dark past, drawing the final 3 survivors of the first attack back once more.",,137743924.0,24000000.0,14,5.739330166666667
tt1454029,movie,The Help,The Help,"{'url': 'https://m.media-amazon.com/images/M/MV5BMTM5OTMyMjIxOV5BMl5BanBnXkFtZTcwNzU4MjIwNQ@@._V1_.jpg', 'width': 1382, 'height': 2048}",2011.0,8760.0,['Drama'],"{'aggregateRating': 8.1, 'voteCount': 527055}","An aspiring author during the civil rights movement of the 1960s decides to write a book detailing the African American maids' point of view on the white families for which they work, and the hardships they go through on a daily basis.",,221802186.0,25000000.0,16,8.87208744
tt8946378,movie,Knives Out,Knives Out,"{'url': 'https://m.media-amazon.com/images/M/MV5BZDU5ZTRkYmItZjg0Mi00ZTQwLThjMWItNWM3MTMxMzVjZmVjXkEyXkFqcGc@._V1_.jpg', 'width': 1944, 'height': 2880}",2019.0,7800.0,"['Comedy', 'Crime', 'Drama', 'Mystery', 'Thriller']","{'aggregateRating': 7.9, 'voteCount': 873219}","When renowned crime novelist Harlan Thrombey is found dead at his estate just after his 85th birthday, the inquisitive and debonair Detective Benoit Blanc is mysteriously enlisted to investigate.",,312897920.0,40000000.0,28,7.822448
tt0443706,movie,Zodiac,Zodiac,"{'url': 'https://m.media-amazon.com/images/M/MV5BNDFkMTRkZmQtM2I0NC00NjJjLWJlMDctNTNiZWYxYzhjZDZiXkEyXkFqcGc@._V1_.jpg', 'width': 1943, 'height': 2867}",2007.0,9420.0,"['Crime', 'Drama', 'Mystery', 'Thriller']","{'aggregateRating': 7.7, 'voteCount': 669566}","Between 1968 and 1983, a San Francisco cartoonist becomes an amateur detective obsessed with tracking down the Zodiac Killer, an unidentified individual who terrorizes Northern California with a killing spree.",,84789123.0,65000000.0,22,1.3044480461538461
tt22868010,movie,Return to Silent Hill,Return to Silent Hill,"{'url': 'https://m.media-amazon.com/images/M/MV5BOWVjYjU0ZTAtNGVlNi00NGM1LTgzZjctNTZjMjAyYTc4N2VlXkEyXkFqcGc@._V1_.jpg', 'width': 2000, 'height': 2998}",2026.0,6360.0,"['Drama', 'Horror', 'Mystery']","{'aggregateRating': 4, 'voteCount': 16493}","When a man receives a mysterious letter from his lost love, he is drawn to Silent Hill, a once familiar town now consumed by darkness.",,47542512.0,23000000.0,2,2.0670657391304346
tt5950044,movie,Superman,Superman,"{'url': 'https://m.media-amazon.com/images/M/MV5BOGMwZGJiM2EtMzEwZC00YTYzLWIxNzYtMmJmZWNlZjgxZTMwXkEyXkFqcGc@._V1_.jpg', 'width': 1638, 'height': 2048}",2025.0,7740.0,"['Action', 'Adventure', 'Sci-Fi']","{'aggregateRating': 7, 'voteCount': 400999}","Superman must reconcile his alien Kryptonian heritage with his human upbringing as reporter Clark Kent. As the embodiment of truth, justice and the American way he soon finds himself in a world that views these as old-fashioned.",,618723803.0,225000000.0,21,2.749883568888889
tt16311594,movie,F1: The Movie,F1,"{'url': 'https://m.media-amazon.com/images/M/MV5BNGI0MDI4NjEtOWU3ZS00ODQyLWFhYTgtNGYxM2ZkM2Q2YjE3XkEyXkFqcGc@._V1_.jpg', 'width': 2764, 'height': 4096}",2025.0,9300.0,"['Action', 'Drama', 'Sport']","{'aggregateRating': 7.6, 'voteCount': 342797}",A Formula One driver comes out of retirement to mentor and team up with a younger driver.,,634042436.0,200000000.0,22,3.17021218
tt1853728,movie,Django Unchained,Django Unchained,"{'url': 'https://m.media-amazon.com/images/M/MV5BMjIyNTQ5NjQ1OV5BMl5BanBnXkFtZTcwODg1MDU4OA@@._V1_.jpg', 'width': 1382, 'height': 2048}",2012.0,9900.0,"['Drama', 'Western']","{'aggregateRating': 8.5, 'voteCount': 1874288}","With the help of a German bounty-hunter, a freed slave sets out to rescue his wife from a brutal plantation owner in Mississippi.",,426076540.0,100000000.0,23,4.2607654
tt4016934,movie,The Handmaiden,Ah-ga-ssi,"{'url': 'https://m.media-amazon.com/images/M/MV5BOTllZDI1OGItOGUxNS00OGZhLWIzMjAtYzllZTY1YTA0ZmYwXkEyXkFqcGc@._V1_.jpg', 'width': 4927, 'height': 7087}",2016.0,8700.0,"['Drama', 'Romance', 'Thriller']","{'aggregateRating': 8.1, 'voteCount': 201752}","In 1930s Korea, a girl is hired as a handmaiden to a Japanese heiress who lives a secluded life on a countryside estate. But the maid has a secret: She is a pickpocket recruited by a swindler to help seduce the Lady and steal her fortune.",,37958523.0,10000000000.0,0,0.0037958523
tt0110475,movie,The Mask,The Mask,"{'url': 'https://m.media-amazon.com/images/M/MV5BNGNmNjI0ZmMtMzI5MC00ZjUyLWFlZDEtYjUyMGZlN2E3N2E2XkEyXkFqcGc@._V1_.jpg', 'width': 1009, 'height': 1500}",1994.0,6060.0,"['Comedy', 'Crime', 'Fantasy']","{'aggregateRating': 7, 'voteCount': 468246}",Bank clerk Stanley Ipkiss is transformed into a manic superhero when he wears a mysterious mask.,,351583407.0,23000000.0,13,15.286235086956522
tt2322441,movie,Fifty Shades of Grey,Fifty Shades of Grey,"{'url': 'https://m.media-amazon.com/images/M/MV5BMjE1MTM4NDAzOF5BMl5BanBnXkFtZTgwNTMwNjI0MzE@._V1_.jpg', 'width': 1293, 'height': 2048}",2015.0,7500.0,"['Drama', 'Romance', 'Thriller']","{'aggregateRating': 4.2, 'voteCount': 355323}","Literature student Anastasia Steele's life changes forever when she meets handsome, yet tormented, billionaire Christian Grey.",,569651467.0,40000000.0,10,14.241286675
tt0758752,movie,Love & Other Drugs,Love & Other Drugs,"{'url': 'https://m.media-amazon.com/images/M/MV5BMTgxOTczODEyMF5BMl5BanBnXkFtZTcwMDc0NDY4Mw@@._V1_.jpg', 'width': 1383, 'height': 2048}",2010.0,6720.0,"['Comedy', 'Drama', 'Romance']","{'aggregateRating': 6.7, 'voteCount': 250085}","In 1990s Pittsburgh, a medicine peddler starts a relationship with a young woman suffering from Parkinson's disease.",,102820008.0,30000000.0,21,3.4273336
tt0829482,movie,Superbad,Superbad,"{'url': 'https://m.media-amazon.com/images/M/MV5BNjk0MzdlZGEtNTRkOC00ZDRiLWJkYjAtMzUzYTRiNzk1YTViXkEyXkFqcGc@._V1_.jpg', 'width': 1971, 'height': 2940}",2007.0,6780.0,['Comedy'],"{'aggregateRating': 7.6, 'voteCount': 690538}",Two co-dependent high school seniors are forced to deal with separation anxiety after their plan to stage a booze-soaked party goes awry.,,170065055.0,20000000.0,7,8.50325275
tt28015403,movie,Heretic,Heretic,"{'url': 'https://m.media-amazon.com/images/M/MV5BMzFiMWM4YjAtY2Y3Yi00MDIzLTk0N2MtYTAwNGM3ZmMwODhlXkEyXkFqcGc@._V1_.jpg', 'width': 1944, 'height': 2880}",2024.0,6660.0,"['Horror', 'Thriller']","{'aggregateRating': 7, 'voteCount': 222164}",Two young religious women are drawn into a game of cat-and-mouse in the house of a strange man.,,59777970.0,10000000.0,4,5.977797
tt1371150,movie,This Is Where I Leave You,This Is Where I Leave You,"{'url': 'https://m.media-amazon.com/images/M/MV5BMjkzNzQ2NDMyNl5BMl5BanBnXkFtZTgwMTY3MTcxMjE@._V1_.jpg', 'width': 512, 'height': 759}",2014.0,6180.0,"['Comedy', 'Drama']","{'aggregateRating': 6.7, 'voteCount': 94667}","After their father passes away, four grown siblings are forced to return to their childhood home and live under the same roof for a week, along with their over-sharing mother and an assortment of spouses, exes, and might-have-beens.",,41296320.0,19800000.0,15,2.085672727272727
tt0211915,movie,Amélie,Le fabuleux destin d'Amélie Poulain,"{'url': 'https://m.media-amazon.com/images/M/MV5BOTNmYzY0MWQtZGZmNy00Y2Y4LWFmMDQtMTZjYTdiYzEwZGQ2XkEyXkFqcGc@._V1_.jpg', 'width': 1280, 'height': 1920}",2001.0,7320.0,"['Comedy', 'Romance']","{'aggregateRating': 8.3, 'voteCount': 837774}","Despite being caught in her imaginative world, young waitress Amelie decides to help people find happiness. Her quest to spread joy leads her on a journey during which she finds true love.",,175424055.0,10000000.0,1,17.5424055
tt26443616,movie,Hoppers,Hoppers,"{'url': 'https://m.media-amazon.com/images/M/MV5BNzRiMzZlMTMtNmU3OC00MDUwLThmNDUtMTBjZmQ3MWQ4NTljXkEyXkFqcGc@._V1_.jpg', 'width': 1086, 'height': 1610}",2026.0,6240.0,"['Animation', 'Adventure', 'Comedy', 'Family', 'Sci-Fi']","{'aggregateRating': 7.5, 'voteCount': 25886}",A 19-year-old animal lover uses technology that places her consciousness into a robotic beaver to uncover mysteries within the animal world beyond her imagination.,,297558236.0,150000000.0,33,1.9837215733333333
tt0120737,movie,The Lord of the Rings: The Fellowship of the Ring,The Lord of the Rings: The Fellowship of the Ring,"{'url': 'https://m.media-amazon.com/images/M/MV5BNzIxMDQ2YTctNDY4MC00ZTRhLTk4ODQtMTVlOWY4NTdiYmMwXkEyXkFqcGc@._V1_.jpg', 'width': 1978, 'height': 2936}",2001.0,10680.0,"['Adventure', 'Drama', 'Fantasy']","{'aggregateRating': 8.9, 'voteCount': 2197590}",A meek Hobbit from the Shire and eight companions set out on a journey to destroy the powerful One Ring and save Middle-earth from the Dark Lord Sauron.,,897053275.0,93000000.0,13,9.645734139784945
tt19847976,movie,Wicked: For Good,Wicked: For Good,"{'url': 'https://m.media-amazon.com/images/M/MV5BNzRhNTE4ZTYtNTM0Mi00MzU3LTk4MTktYWE3MzQ2NTU0MDNlXkEyXkFqcGc@._V1_.jpg', 'width': 1579, 'height': 2500}",2025.0,8220.0,"['Drama', 'Family', 'Fantasy', 'Musical', 'Romance']","{'aggregateRating': 6.6, 'voteCount': 62728}","Elphaba, the future Wicked Witch of the West and her relationship with Glinda, the Good Witch of the North. The second of a two-part feature film adaptation of the Broadway musical.",,536280749.0,150000000.0,10,3.575204993333333
tt1386697,movie,Suicide Squad,Suicide Squad,"{'url': 'https://m.media-amazon.com/images/M/MV5BMjM1OTMxNzUyM15BMl5BanBnXkFtZTgwNjYzMTIzOTE@._V1_.jpg', 'width': 1382, 'height': 2048}",2016.0,7380.0,"['Action', 'Adventure', 'Fantasy', 'Sci-Fi']","{'aggregateRating': 5.9, 'voteCount': 757818}",A secret government agency recruits some of the most dangerous incarcerated super-villains to form a defensive task force. Their first mission: save the world from the apocalypse.,,749200054.0,175000000.0,17,4.281143165714286
tt3397884,movie,Sicario,Sicario,"{'url': 'https://m.media-amazon.com/images/M/MV5BMjA5NjM3NTk1M15BMl5BanBnXkFtZTgwMzg1MzU2NjE@._V1_.jpg', 'width': 1365, 'height': 2048}",2015.0,7260.0,"['Action', 'Crime', 'Drama', 'Mystery', 'Thriller']","{'aggregateRating': 7.7, 'voteCount': 535435}",An idealistic FBI agent is enlisted by a government task force to aid in the escalating war against drugs at the border area between the U.S. and Mexico.,,84997446.0,30000000.0,30,2.8332482
tt7322224,movie,Triangle of Sadness,Triangle of Sadness,"{'url': 'https://m.media-amazon.com/images/M/MV5BYTViNzUyNDUtZTg3Yy00OTY4LWEyMTYtMmUzYjE3ZmZjYzUwXkEyXkFqcGc@._V1_.jpg', 'width': 1456, 'height': 2160}",2022.0,8820.0,"['Comedy', 'Drama']","{'aggregateRating': 7.2, 'voteCount': 215182}",A fashion model celebrity couple join an eventful cruise for the super-rich.,,26195743.0,10000000.0,1,2.6195743
tt0099685,movie,GoodFellas,GoodFellas,"{'url': 'https://m.media-amazon.com/images/M/MV5BN2E5NzI2ZGMtY2VjNi00YTRjLWI1MDUtZGY5OWU1MWJjZjRjXkEyXkFqcGc@._V1_.jpg', 'width': 1984, 'height': 2972}",1990.0,8700.0,"['Biography', 'Crime', 'Drama']","{'aggregateRating': 8.7, 'voteCount': 1384940}","The story of Henry Hill and his life in the mafia, covering his relationship with his wife Karen and his mob partners Jimmy Conway and Tommy DeVito.",,47076877.0,25000000.0,11,1.88307508
tt0117571,movie,Scream,Scream,"{'url': 'https://m.media-amazon.com/images/M/MV5BMjA2NjU5MTg5OF5BMl5BanBnXkFtZTgwOTkyMzQxMDE@._V1_.jpg', 'width': 904, 'height': 1342}",1996.0,6660.0,"['Horror', 'Mystery']","{'aggregateRating': 7.4, 'voteCount': 443726}","In the small town of Woodsboro, California, a masked killer known as Ghostface begins murdering high school students, and a group of friends must use their knowledge of horror movies to unmask the killer.",,173046663.0,14000000.0,14,12.360475928571429
tt33978029,movie,Ready or Not 2: Here I Come,Ready or Not 2: Here I Come,"{'url': 'https://m.media-amazon.com/images/M/MV5BZTM3N2EyMTEtNDhkMi00ZjNiLWI0MWUtOGViMjExODY3YTJhXkEyXkFqcGc@._V1_.jpg', 'width': 4050, 'height': 6000}",2026.0,6480.0,"['Comedy', 'Horror', 'Thriller']","{'aggregateRating': 7, 'voteCount': 9410}","After surviving one deadly game, Grace and her sister Faith must now outrun four rival families competing for a powerful throne - winner takes all.",,24038575.0,20000000.0,36,1.20192875
tt32430579,movie,Crime 101,Crime 101,"{'url': 'https://m.media-amazon.com/images/M/MV5BZThlN2M4ZTUtYTU3Mi00MDE5LWFhYWUtNjkxMWEwNjUwNDVhXkEyXkFqcGc@._V1_.jpg', 'width': 2765, 'height': 4096}",2026.0,8400.0,"['Crime', 'Drama', 'Thriller']","{'aggregateRating': 7, 'voteCount': 26464}","An elusive thief, eyeing his final score, encounters a disillusioned insurance broker at her own crossroads. As their paths intertwine, a relentless detective trails them hoping to thwart the multi-million dollar heist they are planning.",,71792291.0,90000000.0,26,0.7976921222222222
tt12299608,movie,Mickey 17,Mickey 17,"{'url': 'https://m.media-amazon.com/images/M/MV5BZGQwYmEzMzktYzBmMy00NmVmLTkyYTUtOTYyZjliZDNhZGVkXkEyXkFqcGc@._V1_.jpg', 'width': 2024, 'height': 3000}",2025.0,8220.0,"['Adventure', 'Comedy', 'Fantasy', 'Sci-Fi']","{'aggregateRating': 6.7, 'voteCount': 240701}","During a human expedition to colonize space, Mickey 17, a so-called ""expendable"" employee, is sent to explore an ice planet.",,133542263.0,118000000.0,11,1.131714093220339
tt0073486,movie,One Flew Over the Cuckoo's Nest,One Flew Over the Cuckoo's Nest,"{'url': 'https://m.media-amazon.com/images/M/MV5BYjBkMjgzMzYtNzRiMS00NDc3LWE4YTUtZjYxYjZhNjNhYzhhXkEyXkFqcGc@._V1_.jpg', 'width': 1009, 'height': 1500}",1975.0,7980.0,['Drama'],"{'aggregateRating': 8.6, 'voteCount': 1153888}","A rebellious convict is sent to a psychiatric hospital for evaluation in 1963 Oregon, and encourages his docile companions to take more control of their lives and defy the tyrannical head nurse.",,109130852.0,3000000.0,7,36.376950666666666
tt1517268,movie,Barbie,Barbie,"{'url': 'https://m.media-amazon.com/images/M/MV5BYjI3NDU0ZGYtYjA2YS00Y2RlLTgwZDAtYTE2YTM5ZjE1M2JlXkEyXkFqcGc@._V1_.jpg', 'width': 1900, 'height': 2814}",2023.0,6840.0,"['Adventure', 'Comedy', 'Fantasy']","{'aggregateRating': 6.8, 'voteCount': 665374}","Barbie and Ken are having the time of their lives in the seemingly perfect world of Barbie Land. However, when they get a chance to go to the outside world, they soon discover the joys and perils of living among regular humans.",,1447138421.0,100000000.0,19,14.47138421
tt30343021,movie,Song Sung Blue,Song Sung Blue,"{'url': 'https://m.media-amazon.com/images/M/MV5BYmQ2YjhjNjgtNGQxNC00NmI0LWEzMjktNWEzMWY2OTUwZjFiXkEyXkFqcGc@._V1_.jpg', 'width': 1080, 'height': 1600}",2025.0,7920.0,"['Biography', 'Drama', 'History', 'Music', 'Musical']","{'aggregateRating': 7.2, 'voteCount': 22181}","Lightning and Thunder, a Milwaukee husband and wife Neil Diamond tribute act, experience soaring success and devastating heartbreak in their musical journey together.",,57862564.0,30000000.0,20,1.9287521333333333
tt26753003,movie,Trap,Trap,"{'url': 'https://m.media-amazon.com/images/M/MV5BMzJiN2UyZjgtMjQ3MS00MDhhLTg5ZDItZmVjMTU3MTcwNzE4XkEyXkFqcGc@._V1_.jpg', 'width': 2764, 'height': 4096}",2024.0,6300.0,"['Crime', 'Horror', 'Mystery', 'Thriller']","{'aggregateRating': 5.8, 'voteCount': 163382}",A father and his teen daughter attend a pop concert only to realize they've entered the center of a dark and sinister event.,,83677281.0,30000000.0,4,2.7892427
tt4978420,movie,Borderlands,Borderlands,"{'url': 'https://m.media-amazon.com/images/M/MV5BMDhkMzQzZmQtOGQ1NS00Y2FhLTkzYjAtNWE1MmRiOWM1MjUzXkEyXkFqcGc@._V1_.jpg', 'width': 7200, 'height': 11100}",2024.0,6060.0,"['Action', 'Adventure', 'Comedy', 'Sci-Fi', 'Thriller']","{'aggregateRating': 4.7, 'voteCount': 57338}","An infamous bounty hunter returns to her childhood home, the chaotic planet Pandora, and forms an unlikely alliance with a team of misfits to find the missing daughter of the most powerful man in the universe.",,33017367.0,115000000.0,15,0.2871075391304348
tt22898462,movie,The Conjuring: Last Rites,The Conjuring: Last Rites,"{'url': 'https://m.media-amazon.com/images/M/MV5BM2VmMzRkYzgtMzg2ZC00OTFkLTkwMTYtNTMxNjM2YzI1MjgyXkEyXkFqcGc@._V1_.jpg', 'width': 2764, 'height': 4096}",2025.0,8100.0,"['Horror', 'Mystery', 'Thriller']","{'aggregateRating': 6.2, 'voteCount': 96919}",Paranormal investigators Ed and Lorraine Warren take on one last terrifying case involving mysterious entities they must confront.,,499156445.0,55000000.0,3,9.075571727272727
tt1798709,movie,Her,Her,"{'url': 'https://m.media-amazon.com/images/M/MV5BMjA1Nzk0OTM2OF5BMl5BanBnXkFtZTgwNjU2NjEwMDE@._V1_.jpg', 'width': 510, 'height': 755}",2013.0,7560.0,"['Drama', 'Romance', 'Sci-Fi']","{'aggregateRating': 8, 'voteCount': 724619}","In the near future, a lonely writer develops an unlikely relationship with an operating system designed to meet his every need.",,48091858.0,23000000.0,17,2.090950347826087
tt0372784,movie,Batman Begins,Batman Begins,"{'url': 'https://m.media-amazon.com/images/M/MV5BMzA2NDQzZDEtNDU5Ni00YTlkLTg2OWEtYmQwM2Y1YTBjMjFjXkEyXkFqcGc@._V1_.jpg', 'width': 1013, 'height': 1500}",2005.0,8400.0,"['Action', 'Crime', 'Drama', 'Thriller']","{'aggregateRating': 8.2, 'voteCount': 1706720}","After witnessing his parents' death, billionaire Bruce Wayne learns the art of fighting to confront injustice. When he returns to Gotham as Batman, he must stop a secret society that intends to destroy the city.",,375579998.0,150000000.0,19,2.503866653333333
tt5311514,movie,Your Name.,Kimi no na wa.,"{'url': 'https://m.media-amazon.com/images/M/MV5BMjI1ODZkYTgtYTY3Yy00ZTJkLWFkOTgtZDUyYWM4MzQwNjk0XkEyXkFqcGc@._V1_.jpg', 'width': 8100, 'height': 12000}",2016.0,6360.0,"['Animation', 'Drama', 'Fantasy', 'Romance']","{'aggregateRating': 8.4, 'voteCount': 389013}","Two teenagers share a profound, magical connection upon discovering they are swapping bodies. Things manage to become even more complicated when the boy and girl decide to meet in person.",,405320132.0,370000000.0,0,1.0954598162162161
tt26743210,movie,How to Train Your Dragon,How to Train Your Dragon,"{'url': 'https://m.media-amazon.com/images/M/MV5BODA5Y2M0NjctNWQzMy00ODRhLWE0MzUtYmE1YTAzZjYyYmQyXkEyXkFqcGc@._V1_.jpg', 'width': 3158, 'height': 5000}",2025.0,7500.0,"['Action', 'Adventure', 'Comedy', 'Drama', 'Family', 'Fantasy']","{'aggregateRating': 7.7, 'voteCount': 130041}","As an ancient threat endangers both Vikings and dragons alike on the isle of Berk, the friendship between Hiccup, an inventive Viking, and Toothless, a Night Fury dragon, becomes the key to both species forging a new future together.",,636596299.0,150000000.0,17,4.243975326666667
tt2194499,movie,About Time,About Time,"{'url': 'https://m.media-amazon.com/images/M/MV5BMTA1ODUzMDA3NzFeQTJeQWpwZ15BbWU3MDgxMTYxNTk@._V1_.jpg', 'width': 900, 'height': 1425}",2013.0,7380.0,"['Comedy', 'Drama', 'Fantasy', 'Romance', 'Sci-Fi']","{'aggregateRating': 7.8, 'voteCount': 431885}","At the age of 21, Tim discovers he can travel in time and change what happens and has happened in his own life. His decision to make his world a better place by getting a girlfriend turns out not to be as easy as you might think.",,97626476.0,12000000.0,11,8.135539666666666
tt8367814,movie,The Gentlemen,The Gentlemen,"{'url': 'https://m.media-amazon.com/images/M/MV5BMjE2ZjQ4ZGMtZjFhMi00NmI5LTliNjEtODczMWMxNjliZjgxXkEyXkFqcGc@._V1_.jpg', 'width': 8100, 'height': 12000}",2019.0,6780.0,"['Action', 'Comedy', 'Crime']","{'aggregateRating': 7.8, 'voteCount': 454756}","An American expat tries to sell off his highly profitable marijuana empire in London, triggering plots, schemes, bribery and blackmail in an attempt to steal his domain out from under him.",,115175729.0,22000000.0,15,5.235260409090909
tt26584495,movie,Companion,Companion,"{'url': 'https://m.media-amazon.com/images/M/MV5BYjkyZTA5NzAtYWU3Zi00MWM4LTgxNzAtNDQxY2JmNjMwYjk4XkEyXkFqcGc@._V1_.jpg', 'width': 2764, 'height': 4096}",2025.0,5820.0,"['Sci-Fi', 'Thriller']","{'aggregateRating': 6.9, 'voteCount': 172142}",A weekend getaway with friends at a remote cabin turns into chaos after it's revealed that one of the guests is not what they seem.,,36969122.0,10000000.0,4,3.6969122
tt0988595,movie,27 Dresses,27 Dresses,"{'url': 'https://m.media-amazon.com/images/M/MV5BZWM3ZjRiNGUtNmZkMy00YWNkLWI5MGUtYWI1NTc5NGVkODJkXkEyXkFqcGc@._V1_.jpg', 'width': 1013, 'height': 1500}",2008.0,6660.0,"['Comedy', 'Romance']","{'aggregateRating': 6.1, 'voteCount': 188554}","After serving as a bridesmaid 27 times, a young woman wrestles with the idea of standing by her sister's side as her sibling marries the man she's secretly in love with.",,162655351.0,30000000.0,19,5.421845033333334
tt1120985,movie,Blue Valentine,Blue Valentine,"{'url': 'https://m.media-amazon.com/images/M/MV5BMTU4MTQ2MzA1Ml5BMl5BanBnXkFtZTcwODE3NTgwNA@@._V1_.jpg', 'width': 1384, 'height': 2048}",2010.0,6720.0,"['Drama', 'Romance']","{'aggregateRating': 7.3, 'voteCount': 224856}",A couple cannot halt the downward spiral of their marriage.,,15440333.0,1000000.0,10,15.440333
tt0147800,movie,10 Things I Hate About You,10 Things I Hate About You,"{'url': 'https://m.media-amazon.com/images/M/MV5BOTQwYmRhNGQtODI2Mi00ZTRlLTk0Y2QtY2NkNjE1MGNhNTgwXkEyXkFqcGc@._V1_.jpg', 'width': 580, 'height': 863}",1999.0,5820.0,"['Comedy', 'Drama', 'Romance']","{'aggregateRating': 7.4, 'voteCount': 447000}","A high-school boy, Cameron, cannot date Bianca until her anti-social older sister, Kat, has a boyfriend. So, Cameron pays a mysterious boy, Patrick, to charm Kat.",,53683812.0,30000000.0,13,1.7894604
tt1684562,movie,The Fall Guy,The Fall Guy,"{'url': 'https://m.media-amazon.com/images/M/MV5BM2U0MTJiYTItMjNiZS00MzU4LTkxYTAtYTU0ZGY1ODJhMjRhXkEyXkFqcGc@._V1_.jpg', 'width': 1579, 'height': 2500}",2024.0,7560.0,"['Action', 'Comedy', 'Drama', 'Romance']","{'aggregateRating': 6.8, 'voteCount': 257622}","A stuntman, fresh off an almost career-ending accident, has to track down a missing movie star, solve a conspiracy and try to win back the love of his life while still doing his day job.",,181073291.0,130000000.0,28,1.3928714692307693
tt0120616,movie,The Mummy,The Mummy,"{'url': 'https://m.media-amazon.com/images/M/MV5BMTY4YWE0OGMtNjU0Yi00YzIwLTk3NTktM2ZiYWQwNjM4MmMxXkEyXkFqcGc@._V1_.jpg', 'width': 1008, 'height': 1500}",1999.0,7440.0,"['Action', 'Adventure', 'Fantasy']","{'aggregateRating': 7.1, 'voteCount': 499358}","At an archaeological dig in the ancient city of Hamunaptra, an American serving in the French Foreign Legion accidentally awakens a mummy who begins to wreak havoc as he searches for the reincarnation of his long-lost love.",,417643286.0,80000000.0,18,5.220541075
tt0118971,movie,The Devil's Advocate,The Devil's Advocate,"{'url': 'https://m.media-amazon.com/images/M/MV5BNGIxZmU2ZjEtYjc3OC00Y2FiLWE2ZTQtZGI3NzE0YmRhOTMxXkEyXkFqcGc@._V1_.jpg', 'width': 800, 'height': 1137}",1997.0,8640.0,"['Drama', 'Fantasy', 'Mystery', 'Thriller']","{'aggregateRating': 7.5, 'voteCount': 442391}",An exceptionally adept Florida lawyer is offered a job at a high-end New York City law firm with a high-end boss - the biggest opportunity of his career to date.,,152944660.0,57000000.0,25,2.683239649122807
tt26581740,movie,Weapons,Weapons,"{'url': 'https://m.media-amazon.com/images/M/MV5BNTBhNWJjZWItYzY3NS00M2NkLThmOWYtYTlmNzBmN2UxZWFjXkEyXkFqcGc@._V1_.jpg', 'width': 1638, 'height': 2048}",2025.0,7680.0,"['Horror', 'Mystery']","{'aggregateRating': 7.4, 'voteCount': 335613}","When all but one child from the same class mysteriously vanish on the same night at exactly the same time, a community is left questioning who or what is behind their disappearance.",,269972492.0,38000000.0,23,7.1045392631578945
